StudentID,StudentName,CourseName,EnrollDate
4,Rahul Iyer,DBMS,24-10-2025
22,Rahul Gupta,DBMS,12-04-2025
39,Anjali Rao,DBMS,04-08-2025
42,Amit Reddy,DBMS,19-10-2025
50,Amit Reddy,DBMS,10-02-2025
64,Anjali Sharma,DBMS,31-10-2025
65,Kiran Singh,DBMS,09-09-2025
70,Arjun Singh,DBMS,18-05-2025
72,Rahul Rao,DBMS,08-06-2025
78,Neha Singh,DBMS,02-05-2025
94,Sneha Patel,DBMS,29-01-2025
102,Kiran Iyer,DBMS,04-06-2025
103,Anjali Verma,DBMS,12-05-2025
108,Pooja Singh,DBMS,06-03-2025
111,Kiran Gupta,DBMS,09-05-2025
133,Rahul Gupta,DBMS,15-07-2025
137,Pooja Iyer,DBMS,18-08-2025
155,Amit Verma,DBMS,27-10-2025
156,Neha Gupta,DBMS,01-04-2025
161,Pooja Singh,DBMS,05-09-2025
164,Neha Gupta,DBMS,18-08-2025
165,Arjun Gupta,DBMS,17-10-2025
166,Ravi Patel,DBMS,20-01-2025
168,Kiran Gupta,DBMS,01-01-2026
173,Pooja Verma,DBMS,10-05-2025
178,Priya Reddy,DBMS,09-10-2025
196,Priya Reddy,DBMS,26-09-2025
200,Ravi Iyer,DBMS,22-01-2025
212,Anjali Rao,DBMS,14-10-2025
219,Sneha Sharma,DBMS,10-01-2026
238,Anjali Patel,DBMS,15-04-2025
249,Ravi Verma,DBMS,16-07-2025
264,Anjali Rao,DBMS,17-01-2026
266,Sneha Verma,DBMS,28-01-2025
267,Sneha Sharma,DBMS,23-08-2025
270,Kiran Singh,DBMS,09-07-2025
277,Pooja Sharma,DBMS,17-11-2025
278,Priya Rao,DBMS,08-11-2025
283,Arjun Verma,DBMS,12-11-2025
290,Anjali Iyer,DBMS,31-07-2025
292,Kiran Iyer,DBMS,14-02-2025
302,Sneha Iyer,DBMS,27-09-2025
311,Pooja Rao,DBMS,26-09-2025
323,Neha Iyer,DBMS,11-09-2025
328,Priya Rao,DBMS,11-12-2025
332,Priya Singh,DBMS,22-09-2025
344,Priya Patel,DBMS,14-05-2025
394,Ravi Iyer,DBMS,24-08-2025
396,Sneha Sharma,DBMS,24-04-2025
398,Ravi Verma,DBMS,25-08-2025
404,Arjun Gupta,DBMS,25-09-2025
411,Ravi Sharma,DBMS,19-11-2025
443,Neha Patel,DBMS,23-07-2025
448,Priya Singh,DBMS,11-12-2025
480,Priya Verma,DBMS,10-01-2026
492,Rahul Iyer,DBMS,18-02-2025
495,Rahul Patel,DBMS,02-01-2026
516,Sneha Singh,DBMS,29-05-2025
520,Amit Reddy,DBMS,03-01-2026
531,Ravi Sharma,DBMS,13-01-2026
542,Kiran Verma,DBMS,25-08-2025
545,Rahul Singh,DBMS,05-02-2025
547,Priya Reddy,DBMS,25-08-2025
568,Priya Gupta,DBMS,08-03-2025
571,Rahul Patel,DBMS,31-10-2025
576,Priya Iyer,DBMS,12-11-2025
578,Neha Sharma,DBMS,23-04-2025
580,Pooja Rao,DBMS,04-07-2025
584,Kiran Verma,DBMS,30-10-2025
601,Arjun Sharma,DBMS,02-03-2025
625,Amit Patel,DBMS,19-11-2025
649,Sneha Singh,DBMS,08-05-2025
677,Rahul Singh,DBMS,25-09-2025
690,Pooja Rao,DBMS,19-11-2025
693,Ravi Gupta,DBMS,30-06-2025
696,Rahul Gupta,DBMS,10-08-2025
698,Amit Sharma,DBMS,05-03-2025
700,Amit Rao,DBMS,04-02-2025
704,Rahul Rao,DBMS,11-07-2025
712,Neha Verma,DBMS,15-09-2025
725,Rahul Iyer,DBMS,17-10-2025
736,Priya Sharma,DBMS,03-06-2025
739,Pooja Patel,DBMS,15-11-2025
753,Anjali Sharma,DBMS,16-08-2025
767,Amit Rao,DBMS,01-04-2025
774,Neha Verma,DBMS,11-09-2025
783,Rahul Rao,DBMS,16-01-2026
792,Neha Patel,DBMS,22-07-2025
795,Ravi Sharma,DBMS,06-08-2025
810,Sneha Rao,DBMS,20-04-2025
821,Rahul Singh,DBMS,12-10-2025
872,Amit Sharma,DBMS,25-03-2025
880,Rahul Reddy,DBMS,25-02-2025
892,Kiran Gupta,DBMS,08-03-2025
899,Sneha Patel,DBMS,18-08-2025
900,Arjun Patel,DBMS,11-04-2025
902,Priya Iyer,DBMS,23-06-2025
904,Priya Singh,DBMS,22-02-2025
908,Pooja Verma,DBMS,04-06-2025
915,Ravi Singh,DBMS,19-09-2025
922,Sneha Patel,DBMS,26-12-2025
927,Neha Singh,DBMS,02-04-2025
932,Arjun Reddy,DBMS,21-08-2025
942,Kiran Gupta,DBMS,19-10-2025
944,Anjali Rao,DBMS,22-06-2025
967,Sneha Verma,DBMS,26-04-2025
969,Sneha Reddy,DBMS,18-04-2025
983,Priya Singh,DBMS,26-08-2025
990,Priya Iyer,DBMS,24-08-2025
991,Neha Rao,DBMS,03-05-2025
996,Pooja Gupta,DBMS,09-08-2025
7,Pooja Rao,Python,09-02-2025
8,Sneha Iyer,Python,09-10-2025
11,Amit Gupta,Python,13-04-2025
17,Kiran Gupta,Python,10-04-2025
19,Priya Sharma,Python,19-08-2025
20,Pooja Reddy,Python,11-10-2025
25,Ravi Gupta,Python,06-06-2025
33,Ravi Gupta,Python,26-01-2025
55,Priya Reddy,Python,12-06-2025
66,Kiran Iyer,Python,25-10-2025
77,Anjali Rao,Python,06-02-2025
90,Rahul Gupta,Python,04-10-2025
96,Anjali Sharma,Python,17-02-2025
97,Sneha Patel,Python,05-12-2025
101,Pooja Patel,Python,22-12-2025
107,Arjun Singh,Python,13-05-2025
110,Kiran Sharma,Python,01-02-2025
121,Amit Sharma,Python,01-06-2025
144,Amit Gupta,Python,13-03-2025
152,Kiran Verma,Python,18-02-2025
187,Kiran Patel,Python,23-12-2025
190,Sneha Verma,Python,16-12-2025
211,Amit Reddy,Python,25-09-2025
237,Arjun Rao,Python,20-02-2025
244,Sneha Verma,Python,07-01-2026
250,Pooja Sharma,Python,17-04-2025
269,Kiran Gupta,Python,17-04-2025
286,Amit Rao,Python,28-11-2025
305,Sneha Singh,Python,26-09-2025
321,Priya Reddy,Python,04-01-2026
322,Kiran Gupta,Python,17-09-2025
352,Ravi Verma,Python,13-12-2025
362,Ravi Singh,Python,24-06-2025
366,Sneha Rao,Python,08-04-2025
367,Pooja Verma,Python,23-02-2025
384,Priya Gupta,Python,07-07-2025
386,Amit Iyer,Python,21-04-2025
405,Priya Singh,Python,12-04-2025
409,Arjun Gupta,Python,16-07-2025
419,Neha Singh,Python,15-11-2025
435,Priya Reddy,Python,20-07-2025
444,Amit Patel,Python,27-03-2025
457,Ravi Verma,Python,15-12-2025
458,Arjun Gupta,Python,29-06-2025
475,Pooja Patel,Python,12-03-2025
486,Kiran Iyer,Python,12-05-2025
497,Kiran Patel,Python,25-11-2025
506,Arjun Verma,Python,07-06-2025
510,Ravi Sharma,Python,02-10-2025
515,Ravi Reddy,Python,16-04-2025
523,Amit Gupta,Python,23-07-2025
528,Neha Rao,Python,10-06-2025
543,Anjali Verma,Python,24-07-2025
544,Neha Reddy,Python,26-09-2025
587,Amit Reddy,Python,02-02-2025
588,Arjun Rao,Python,27-03-2025
595,Rahul Verma,Python,25-10-2025
604,Arjun Gupta,Python,15-01-2026
608,Arjun Sharma,Python,13-05-2025
611,Neha Gupta,Python,05-12-2025
614,Priya Singh,Python,06-10-2025
619,Priya Iyer,Python,26-02-2025
624,Sneha Rao,Python,26-06-2025
634,Neha Rao,Python,12-04-2025
648,Priya Singh,Python,19-03-2025
656,Rahul Sharma,Python,02-05-2025
705,Rahul Reddy,Python,24-02-2025
711,Priya Patel,Python,25-12-2025
724,Rahul Sharma,Python,09-05-2025
735,Ravi Reddy,Python,02-02-2025
738,Pooja Patel,Python,20-05-2025
741,Arjun Patel,Python,06-10-2025
743,Kiran Gupta,Python,01-03-2025
763,Sneha Rao,Python,28-03-2025
770,Arjun Singh,Python,17-12-2025
775,Sneha Verma,Python,22-04-2025
778,Arjun Patel,Python,25-01-2025
815,Priya Rao,Python,15-09-2025
818,Neha Gupta,Python,09-10-2025
834,Amit Reddy,Python,09-04-2025
838,Anjali Verma,Python,11-12-2025
853,Priya Rao,Python,23-01-2025
873,Priya Verma,Python,07-02-2025
882,Pooja Iyer,Python,31-07-2025
884,Priya Iyer,Python,28-10-2025
898,Neha Singh,Python,08-10-2025
906,Anjali Gupta,Python,18-07-2025
919,Amit Reddy,Python,28-01-2025
920,Kiran Reddy,Python,20-07-2025
924,Neha Sharma,Python,11-08-2025
931,Kiran Patel,Python,10-06-2025
933,Neha Sharma,Python,30-10-2025
939,Arjun Reddy,Python,21-10-2025
946,Rahul Gupta,Python,07-07-2025
6,Rahul Verma,Data Structures,17-08-2025
21,Neha Sharma,Data Structures,16-09-2025
34,Priya Verma,Data Structures,09-09-2025
36,Rahul Gupta,Data Structures,18-01-2025
41,Pooja Gupta,Data Structures,26-05-2025
46,Ravi Gupta,Data Structures,14-10-2025
51,Ravi Sharma,Data Structures,18-03-2025
54,Ravi Sharma,Data Structures,12-01-2026
62,Pooja Rao,Data Structures,02-05-2025
73,Arjun Singh,Data Structures,27-01-2025
74,Neha Reddy,Data Structures,09-04-2025
75,Rahul Patel,Data Structures,20-11-2025
85,Amit Rao,Data Structures,19-11-2025
88,Neha Gupta,Data Structures,15-05-2025
100,Amit Gupta,Data Structures,21-06-2025
106,Kiran Sharma,Data Structures,30-07-2025
129,Pooja Sharma,Data Structures,31-01-2025
147,Ravi Iyer,Data Structures,06-04-2025
150,Pooja Verma,Data Structures,10-12-2025
157,Rahul Sharma,Data Structures,09-01-2026
159,Priya Patel,Data Structures,26-08-2025
170,Amit Patel,Data Structures,10-04-2025
185,Rahul Verma,Data Structures,22-04-2025
197,Priya Gupta,Data Structures,11-07-2025
228,Pooja Reddy,Data Structures,08-09-2025
235,Sneha Reddy,Data Structures,26-09-2025
251,Priya Singh,Data Structures,22-05-2025
261,Kiran Iyer,Data Structures,13-05-2025
280,Amit Iyer,Data Structures,13-09-2025
308,Sneha Gupta,Data Structures,05-03-2025
329,Neha Iyer,Data Structures,30-10-2025
330,Arjun Reddy,Data Structures,15-09-2025
346,Arjun Singh,Data Structures,16-03-2025
357,Kiran Singh,Data Structures,05-02-2025
364,Ravi Sharma,Data Structures,24-07-2025
370,Anjali Gupta,Data Structures,08-07-2025
371,Pooja Iyer,Data Structures,09-02-2025
391,Anjali Singh,Data Structures,12-04-2025
402,Sneha Sharma,Data Structures,09-09-2025
416,Kiran Sharma,Data Structures,18-09-2025
421,Priya Sharma,Data Structures,27-05-2025
422,Ravi Gupta,Data Structures,15-09-2025
423,Rahul Reddy,Data Structures,16-10-2025
445,Anjali Patel,Data Structures,08-01-2026
446,Sneha Sharma,Data Structures,14-04-2025
450,Arjun Singh,Data Structures,06-05-2025
459,Rahul Verma,Data Structures,30-08-2025
485,Amit Verma,Data Structures,08-11-2025
504,Priya Gupta,Data Structures,28-11-2025
512,Sneha Singh,Data Structures,10-08-2025
513,Ravi Verma,Data Structures,04-04-2025
519,Amit Singh,Data Structures,21-07-2025
554,Kiran Rao,Data Structures,25-01-2025
572,Priya Patel,Data Structures,15-02-2025
573,Kiran Singh,Data Structures,03-06-2025
609,Kiran Rao,Data Structures,09-12-2025
610,Anjali Verma,Data Structures,29-06-2025
640,Amit Singh,Data Structures,15-09-2025
645,Amit Verma,Data Structures,12-02-2025
657,Neha Iyer,Data Structures,22-09-2025
659,Rahul Gupta,Data Structures,09-04-2025
660,Ravi Gupta,Data Structures,25-03-2025
661,Rahul Gupta,Data Structures,16-05-2025
665,Anjali Reddy,Data Structures,25-08-2025
667,Arjun Singh,Data Structures,10-06-2025
672,Priya Gupta,Data Structures,09-01-2026
676,Sneha Rao,Data Structures,08-08-2025
686,Priya Singh,Data Structures,17-06-2025
757,Neha Iyer,Data Structures,15-07-2025
765,Kiran Iyer,Data Structures,06-06-2025
791,Arjun Sharma,Data Structures,12-07-2025
804,Neha Sharma,Data Structures,26-03-2025
811,Amit Singh,Data Structures,14-09-2025
816,Rahul Singh,Data Structures,22-06-2025
817,Priya Iyer,Data Structures,02-01-2026
823,Ravi Iyer,Data Structures,14-09-2025
832,Priya Patel,Data Structures,04-12-2025
842,Priya Gupta,Data Structures,03-08-2025
862,Pooja Rao,Data Structures,09-04-2025
863,Anjali Rao,Data Structures,30-01-2025
868,Rahul Iyer,Data Structures,10-01-2026
874,Neha Reddy,Data Structures,24-11-2025
875,Amit Reddy,Data Structures,12-11-2025
885,Sneha Singh,Data Structures,09-06-2025
893,Kiran Reddy,Data Structures,11-09-2025
923,Anjali Singh,Data Structures,18-03-2025
951,Pooja Verma,Data Structures,14-06-2025
957,Ravi Rao,Data Structures,06-02-2025
972,Pooja Sharma,Data Structures,26-07-2025
988,Neha Singh,Data Structures,21-09-2025
989,Arjun Iyer,Data Structures,12-05-2025
994,Arjun Gupta,Data Structures,27-02-2025
1,Priya Singh,Operating Systems,09-05-2025
9,Kiran Singh,Operating Systems,17-05-2025
13,Sneha Patel,Operating Systems,24-04-2025
26,Rahul Reddy,Operating Systems,05-06-2025
31,Kiran Gupta,Operating Systems,02-01-2026
47,Sneha Singh,Operating Systems,16-04-2025
68,Ravi Patel,Operating Systems,20-07-2025
69,Anjali Gupta,Operating Systems,12-08-2025
80,Arjun Sharma,Operating Systems,09-03-2025
89,Pooja Rao,Operating Systems,05-03-2025
99,Priya Sharma,Operating Systems,08-04-2025
105,Rahul Rao,Operating Systems,01-10-2025
115,Sneha Reddy,Operating Systems,19-06-2025
124,Arjun Gupta,Operating Systems,18-03-2025
132,Anjali Gupta,Operating Systems,28-10-2025
135,Neha Singh,Operating Systems,25-09-2025
149,Anjali Iyer,Operating Systems,06-02-2025
153,Amit Reddy,Operating Systems,08-08-2025
163,Amit Singh,Operating Systems,15-08-2025
167,Ravi Verma,Operating Systems,02-03-2025
169,Sneha Verma,Operating Systems,19-10-2025
176,Ravi Singh,Operating Systems,18-04-2025
233,Ravi Gupta,Operating Systems,31-12-2025
241,Kiran Sharma,Operating Systems,13-07-2025
242,Rahul Sharma,Operating Systems,29-03-2025
259,Amit Verma,Operating Systems,03-06-2025
268,Anjali Gupta,Operating Systems,16-06-2025
281,Sneha Singh,Operating Systems,18-05-2025
284,Anjali Rao,Operating Systems,21-11-2025
288,Anjali Singh,Operating Systems,19-02-2025
297,Ravi Reddy,Operating Systems,13-01-2026
307,Anjali Patel,Operating Systems,27-03-2025
309,Rahul Patel,Operating Systems,19-05-2025
310,Anjali Patel,Operating Systems,04-08-2025
314,Pooja Singh,Operating Systems,20-11-2025
318,Sneha Sharma,Operating Systems,23-01-2025
327,Arjun Reddy,Operating Systems,02-01-2026
333,Anjali Singh,Operating Systems,27-09-2025
337,Kiran Patel,Operating Systems,06-07-2025
338,Rahul Gupta,Operating Systems,03-06-2025
351,Anjali Singh,Operating Systems,04-06-2025
355,Kiran Sharma,Operating Systems,22-08-2025
376,Rahul Patel,Operating Systems,29-08-2025
380,Ravi Gupta,Operating Systems,30-04-2025
382,Pooja Singh,Operating Systems,07-07-2025
388,Priya Reddy,Operating Systems,24-04-2025
400,Priya Patel,Operating Systems,12-02-2025
413,Rahul Iyer,Operating Systems,27-08-2025
415,Ravi Singh,Operating Systems,08-03-2025
428,Amit Sharma,Operating Systems,29-05-2025
442,Ravi Reddy,Operating Systems,14-08-2025
451,Ravi Rao,Operating Systems,22-11-2025
469,Ravi Iyer,Operating Systems,23-07-2025
488,Rahul Gupta,Operating Systems,14-09-2025
491,Kiran Iyer,Operating Systems,07-10-2025
532,Ravi Singh,Operating Systems,04-10-2025
534,Rahul Gupta,Operating Systems,13-03-2025
559,Rahul Sharma,Operating Systems,04-07-2025
561,Neha Singh,Operating Systems,04-12-2025
570,Sneha Gupta,Operating Systems,22-10-2025
583,Arjun Singh,Operating Systems,24-06-2025
585,Pooja Singh,Operating Systems,05-08-2025
594,Kiran Iyer,Operating Systems,22-10-2025
599,Neha Patel,Operating Systems,07-01-2026
605,Rahul Sharma,Operating Systems,10-01-2026
644,Pooja Patel,Operating Systems,13-05-2025
663,Priya Singh,Operating Systems,21-04-2025
692,Amit Sharma,Operating Systems,11-01-2026
717,Neha Verma,Operating Systems,13-08-2025
720,Sneha Patel,Operating Systems,06-09-2025
726,Pooja Singh,Operating Systems,21-06-2025
730,Anjali Verma,Operating Systems,24-09-2025
745,Anjali Gupta,Operating Systems,26-06-2025
747,Kiran Reddy,Operating Systems,02-04-2025
751,Anjali Gupta,Operating Systems,21-04-2025
755,Pooja Sharma,Operating Systems,24-03-2025
756,Pooja Iyer,Operating Systems,20-03-2025
761,Anjali Singh,Operating Systems,20-12-2025
769,Priya Gupta,Operating Systems,15-06-2025
776,Kiran Singh,Operating Systems,01-05-2025
784,Anjali Gupta,Operating Systems,04-09-2025
793,Pooja Gupta,Operating Systems,16-12-2025
796,Sneha Rao,Operating Systems,24-10-2025
812,Ravi Singh,Operating Systems,05-08-2025
824,Rahul Verma,Operating Systems,11-03-2025
830,Kiran Iyer,Operating Systems,15-12-2025
841,Pooja Sharma,Operating Systems,20-04-2025
848,Rahul Sharma,Operating Systems,28-09-2025
866,Sneha Verma,Operating Systems,05-07-2025
879,Anjali Rao,Operating Systems,17-03-2025
889,Amit Reddy,Operating Systems,24-05-2025
894,Priya Iyer,Operating Systems,03-06-2025
897,Kiran Rao,Operating Systems,06-01-2026
914,Priya Sharma,Operating Systems,20-05-2025
935,Priya Singh,Operating Systems,13-10-2025
941,Priya Reddy,Operating Systems,25-03-2025
959,Priya Reddy,Operating Systems,14-07-2025
974,Neha Iyer,Operating Systems,05-12-2025
978,Rahul Reddy,Operating Systems,17-10-2025
984,Kiran Iyer,Operating Systems,11-07-2025
986,Pooja Iyer,Operating Systems,19-10-2025
999,Rahul Singh,Operating Systems,21-05-2025
5,Arjun Rao,Computer Networks,19-12-2025
24,Amit Iyer,Computer Networks,10-02-2025
52,Pooja Singh,Computer Networks,10-08-2025
53,Rahul Gupta,Computer Networks,04-03-2025
56,Sneha Gupta,Computer Networks,23-04-2025
76,Sneha Reddy,Computer Networks,15-04-2025
92,Sneha Sharma,Computer Networks,23-05-2025
125,Sneha Reddy,Computer Networks,04-03-2025
130,Arjun Reddy,Computer Networks,11-04-2025
131,Anjali Singh,Computer Networks,05-06-2025
141,Arjun Verma,Computer Networks,13-10-2025
145,Arjun Rao,Computer Networks,26-12-2025
148,Amit Verma,Computer Networks,30-08-2025
160,Arjun Reddy,Computer Networks,24-03-2025
162,Sneha Sharma,Computer Networks,01-11-2025
175,Ravi Sharma,Computer Networks,03-01-2026
202,Kiran Verma,Computer Networks,15-10-2025
205,Rahul Rao,Computer Networks,21-07-2025
214,Neha Gupta,Computer Networks,12-09-2025
215,Neha Patel,Computer Networks,09-11-2025
217,Pooja Patel,Computer Networks,30-10-2025
218,Sneha Rao,Computer Networks,07-04-2025
227,Anjali Patel,Computer Networks,28-10-2025
236,Arjun Gupta,Computer Networks,23-04-2025
243,Arjun Singh,Computer Networks,20-09-2025
245,Pooja Sharma,Computer Networks,25-11-2025
246,Priya Patel,Computer Networks,05-02-2025
247,Sneha Singh,Computer Networks,08-06-2025
255,Neha Patel,Computer Networks,05-10-2025
257,Amit Reddy,Computer Networks,12-01-2026
262,Anjali Rao,Computer Networks,22-02-2025
285,Rahul Rao,Computer Networks,30-06-2025
301,Neha Iyer,Computer Networks,05-01-2026
324,Sneha Iyer,Computer Networks,23-06-2025
341,Ravi Sharma,Computer Networks,27-03-2025
350,Priya Singh,Computer Networks,10-07-2025
381,Ravi Iyer,Computer Networks,10-11-2025
392,Kiran Reddy,Computer Networks,03-04-2025
403,Sneha Verma,Computer Networks,18-09-2025
410,Priya Iyer,Computer Networks,06-08-2025
414,Arjun Patel,Computer Networks,29-12-2025
432,Priya Patel,Computer Networks,13-04-2025
440,Arjun Rao,Computer Networks,28-01-2025
449,Amit Iyer,Computer Networks,29-03-2025
460,Ravi Singh,Computer Networks,07-10-2025
462,Pooja Reddy,Computer Networks,10-11-2025
471,Ravi Gupta,Computer Networks,06-09-2025
476,Sneha Reddy,Computer Networks,19-12-2025
478,Arjun Iyer,Computer Networks,19-11-2025
479,Kiran Sharma,Computer Networks,03-11-2025
482,Ravi Reddy,Computer Networks,21-02-2025
483,Pooja Iyer,Computer Networks,11-08-2025
518,Ravi Singh,Computer Networks,02-01-2026
524,Ravi Singh,Computer Networks,03-09-2025
529,Ravi Singh,Computer Networks,03-11-2025
548,Anjali Patel,Computer Networks,21-12-2025
550,Arjun Verma,Computer Networks,08-06-2025
564,Priya Verma,Computer Networks,21-02-2025
567,Rahul Gupta,Computer Networks,10-08-2025
592,Arjun Sharma,Computer Networks,25-12-2025
593,Priya Singh,Computer Networks,10-05-2025
597,Amit Verma,Computer Networks,04-03-2025
613,Pooja Patel,Computer Networks,07-02-2025
615,Arjun Iyer,Computer Networks,14-10-2025
616,Ravi Singh,Computer Networks,21-12-2025
629,Arjun Sharma,Computer Networks,10-12-2025
636,Arjun Singh,Computer Networks,08-09-2025
638,Arjun Reddy,Computer Networks,28-04-2025
664,Ravi Iyer,Computer Networks,27-07-2025
666,Anjali Verma,Computer Networks,30-12-2025
668,Priya Rao,Computer Networks,20-06-2025
670,Neha Singh,Computer Networks,26-07-2025
680,Ravi Patel,Computer Networks,09-02-2025
683,Anjali Iyer,Computer Networks,30-01-2025
685,Ravi Reddy,Computer Networks,26-11-2025
732,Amit Iyer,Computer Networks,17-08-2025
748,Kiran Verma,Computer Networks,03-04-2025
749,Rahul Gupta,Computer Networks,14-06-2025
754,Kiran Verma,Computer Networks,31-12-2025
758,Amit Verma,Computer Networks,12-08-2025
762,Ravi Patel,Computer Networks,06-11-2025
766,Anjali Rao,Computer Networks,04-08-2025
773,Sneha Rao,Computer Networks,26-05-2025
781,Arjun Gupta,Computer Networks,06-10-2025
794,Sneha Reddy,Computer Networks,08-07-2025
805,Neha Gupta,Computer Networks,31-08-2025
835,Pooja Singh,Computer Networks,01-11-2025
837,Neha Iyer,Computer Networks,13-08-2025
845,Arjun Reddy,Computer Networks,19-01-2025
846,Neha Verma,Computer Networks,27-01-2025
847,Priya Patel,Computer Networks,13-04-2025
858,Pooja Verma,Computer Networks,26-08-2025
864,Arjun Verma,Computer Networks,07-12-2025
871,Rahul Reddy,Computer Networks,07-02-2025
876,Sneha Reddy,Computer Networks,09-05-2025
883,Anjali Reddy,Computer Networks,13-02-2025
890,Sneha Sharma,Computer Networks,22-02-2025
891,Anjali Iyer,Computer Networks,30-12-2025
895,Arjun Iyer,Computer Networks,17-04-2025
918,Neha Patel,Computer Networks,20-04-2025
921,Ravi Rao,Computer Networks,31-12-2025
936,Arjun Gupta,Computer Networks,03-03-2025
940,Sneha Iyer,Computer Networks,17-10-2025
948,Neha Gupta,Computer Networks,14-01-2026
949,Amit Rao,Computer Networks,12-01-2026
954,Neha Patel,Computer Networks,23-08-2025
958,Priya Verma,Computer Networks,19-10-2025
971,Pooja Reddy,Computer Networks,03-04-2025
2,Anjali Verma,AI,30-08-2025
14,Ravi Rao,AI,05-09-2025
15,Ravi Verma,AI,23-12-2025
28,Sneha Gupta,AI,26-10-2025
30,Anjali Gupta,AI,28-04-2025
40,Rahul Patel,AI,31-01-2025
43,Pooja Iyer,AI,01-12-2025
44,Sneha Iyer,AI,26-02-2025
57,Pooja Rao,AI,11-03-2025
58,Priya Sharma,AI,04-03-2025
84,Pooja Verma,AI,28-03-2025
91,Ravi Iyer,AI,12-06-2025
98,Anjali Patel,AI,13-03-2025
104,Pooja Verma,AI,27-01-2025
116,Priya Patel,AI,27-10-2025
117,Neha Patel,AI,07-02-2025
122,Kiran Gupta,AI,12-03-2025
127,Kiran Patel,AI,13-03-2025
136,Anjali Gupta,AI,11-11-2025
138,Amit Reddy,AI,21-01-2025
177,Rahul Iyer,AI,11-11-2025
179,Priya Sharma,AI,26-11-2025
183,Arjun Gupta,AI,27-07-2025
184,Kiran Rao,AI,29-10-2025
186,Anjali Iyer,AI,27-05-2025
194,Neha Singh,AI,16-03-2025
195,Sneha Singh,AI,11-10-2025
198,Pooja Reddy,AI,18-10-2025
213,Ravi Gupta,AI,28-09-2025
220,Rahul Verma,AI,31-10-2025
229,Rahul Verma,AI,24-08-2025
234,Rahul Verma,AI,06-06-2025
248,Ravi Rao,AI,27-07-2025
253,Pooja Sharma,AI,15-08-2025
263,Amit Gupta,AI,19-05-2025
265,Rahul Reddy,AI,14-08-2025
272,Ravi Verma,AI,19-08-2025
291,Anjali Singh,AI,26-05-2025
293,Sneha Iyer,AI,21-10-2025
294,Neha Iyer,AI,19-03-2025
298,Neha Patel,AI,15-08-2025
303,Rahul Patel,AI,13-11-2025
304,Arjun Iyer,AI,04-06-2025
317,Anjali Iyer,AI,09-04-2025
325,Priya Sharma,AI,07-01-2026
334,Kiran Rao,AI,18-02-2025
336,Rahul Patel,AI,16-07-2025
339,Priya Patel,AI,20-06-2025
343,Ravi Iyer,AI,09-04-2025
345,Priya Iyer,AI,09-09-2025
359,Ravi Verma,AI,29-01-2025
361,Kiran Singh,AI,15-03-2025
369,Priya Gupta,AI,03-12-2025
379,Priya Gupta,AI,08-05-2025
385,Sneha Reddy,AI,10-12-2025
389,Arjun Reddy,AI,08-07-2025
393,Kiran Iyer,AI,02-04-2025
418,Pooja Singh,AI,11-09-2025
420,Sneha Rao,AI,13-05-2025
424,Neha Verma,AI,20-12-2025
425,Neha Patel,AI,26-11-2025
430,Ravi Rao,AI,03-05-2025
431,Ravi Reddy,AI,04-06-2025
433,Sneha Patel,AI,16-01-2026
436,Pooja Singh,AI,08-11-2025
437,Sneha Verma,AI,09-01-2026
438,Neha Patel,AI,20-03-2025
441,Arjun Reddy,AI,20-10-2025
454,Rahul Patel,AI,09-10-2025
461,Sneha Gupta,AI,17-02-2025
463,Sneha Iyer,AI,10-02-2025
465,Arjun Rao,AI,12-11-2025
472,Sneha Reddy,AI,06-09-2025
473,Ravi Rao,AI,19-05-2025
474,Ravi Patel,AI,04-04-2025
489,Arjun Rao,AI,21-07-2025
500,Neha Sharma,AI,17-07-2025
502,Kiran Rao,AI,22-09-2025
505,Ravi Gupta,AI,21-07-2025
509,Kiran Reddy,AI,01-12-2025
511,Kiran Rao,AI,06-02-2025
514,Ravi Singh,AI,09-03-2025
521,Anjali Gupta,AI,18-07-2025
539,Anjali Gupta,AI,13-11-2025
541,Priya Patel,AI,13-04-2025
552,Rahul Singh,AI,18-04-2025
553,Priya Iyer,AI,05-11-2025
565,Anjali Verma,AI,02-06-2025
581,Pooja Verma,AI,14-11-2025
586,Kiran Gupta,AI,21-04-2025
621,Pooja Verma,AI,17-03-2025
628,Arjun Singh,AI,14-08-2025
635,Priya Verma,AI,10-05-2025
654,Sneha Patel,AI,08-05-2025
673,Neha Iyer,AI,12-02-2025
674,Neha Verma,AI,08-10-2025
695,Arjun Gupta,AI,27-11-2025
728,Amit Verma,AI,19-07-2025
729,Pooja Sharma,AI,15-08-2025
733,Arjun Gupta,AI,28-03-2025
742,Priya Singh,AI,17-03-2025
764,Sneha Rao,AI,08-04-2025
768,Priya Verma,AI,18-02-2025
771,Kiran Singh,AI,12-01-2026
782,Anjali Gupta,AI,03-04-2025
785,Pooja Iyer,AI,09-10-2025
787,Pooja Singh,AI,19-11-2025
797,Sneha Iyer,AI,10-11-2025
798,Rahul Sharma,AI,07-07-2025
802,Ravi Reddy,AI,27-03-2025
803,Sneha Sharma,AI,09-04-2025
808,Arjun Iyer,AI,06-10-2025
813,Arjun Singh,AI,24-03-2025
814,Ravi Rao,AI,26-04-2025
826,Sneha Iyer,AI,27-12-2025
831,Neha Singh,AI,18-07-2025
836,Amit Verma,AI,18-12-2025
852,Ravi Singh,AI,24-05-2025
877,Arjun Gupta,AI,27-07-2025
896,Neha Rao,AI,29-06-2025
901,Amit Patel,AI,28-07-2025
907,Amit Patel,AI,08-04-2025
913,Sneha Gupta,AI,10-05-2025
925,Amit Reddy,AI,12-01-2026
930,Sneha Sharma,AI,15-08-2025
934,Arjun Rao,AI,14-08-2025
976,Pooja Patel,AI,30-03-2025
979,Priya Rao,AI,14-02-2025
987,Arjun Singh,AI,30-07-2025
997,Pooja Singh,AI,04-06-2025
3,Amit Rao,ML,24-02-2025
12,Priya Iyer,ML,18-08-2025
16,Ravi Rao,ML,04-06-2025
18,Neha Rao,ML,23-09-2025
23,Arjun Verma,ML,29-07-2025
27,Rahul Rao,ML,22-02-2025
32,Kiran Patel,ML,23-01-2025
37,Amit Reddy,ML,06-06-2025
38,Anjali Gupta,ML,01-08-2025
48,Amit Patel,ML,03-07-2025
63,Arjun Sharma,ML,05-12-2025
79,Amit Verma,ML,28-07-2025
87,Arjun Sharma,ML,17-12-2025
93,Neha Iyer,ML,13-07-2025
95,Arjun Gupta,ML,06-01-2026
123,Ravi Rao,ML,24-10-2025
180,Amit Iyer,ML,27-08-2025
209,Ravi Reddy,ML,24-12-2025
210,Sneha Gupta,ML,19-06-2025
221,Kiran Patel,ML,23-04-2025
226,Sneha Rao,ML,24-12-2025
258,Ravi Reddy,ML,18-03-2025
274,Kiran Rao,ML,24-08-2025
275,Neha Singh,ML,05-12-2025
282,Sneha Verma,ML,05-08-2025
315,Ravi Patel,ML,15-09-2025
319,Rahul Singh,ML,23-09-2025
320,Kiran Patel,ML,06-02-2025
326,Priya Reddy,ML,18-10-2025
340,Arjun Rao,ML,18-10-2025
348,Sneha Singh,ML,21-11-2025
353,Anjali Patel,ML,19-09-2025
356,Kiran Gupta,ML,18-12-2025
363,Kiran Sharma,ML,26-05-2025
365,Arjun Singh,ML,09-02-2025
373,Ravi Patel,ML,19-02-2025
397,Priya Reddy,ML,30-05-2025
406,Sneha Verma,ML,19-08-2025
426,Priya Gupta,ML,27-10-2025
439,Priya Sharma,ML,23-02-2025
453,Ravi Gupta,ML,04-01-2026
456,Anjali Iyer,ML,28-06-2025
470,Priya Verma,ML,07-04-2025
484,Ravi Singh,ML,11-05-2025
487,Ravi Verma,ML,17-06-2025
490,Neha Iyer,ML,30-12-2025
498,Amit Singh,ML,14-03-2025
503,Ravi Iyer,ML,03-11-2025
507,Pooja Patel,ML,06-08-2025
522,Sneha Iyer,ML,25-09-2025
527,Sneha Reddy,ML,26-02-2025
537,Priya Rao,ML,06-06-2025
556,Arjun Reddy,ML,10-07-2025
558,Ravi Verma,ML,12-03-2025
577,Sneha Verma,ML,02-04-2025
589,Rahul Patel,ML,29-03-2025
598,Arjun Patel,ML,07-03-2025
606,Amit Verma,ML,13-05-2025
617,Kiran Verma,ML,16-03-2025
622,Rahul Rao,ML,07-11-2025
631,Amit Sharma,ML,20-10-2025
642,Sneha Reddy,ML,15-02-2025
653,Arjun Iyer,ML,10-02-2025
658,Pooja Singh,ML,18-05-2025
675,Anjali Reddy,ML,22-08-2025
694,Kiran Reddy,ML,19-11-2025
701,Kiran Sharma,ML,19-11-2025
706,Ravi Rao,ML,22-05-2025
708,Sneha Rao,ML,06-04-2025
710,Arjun Reddy,ML,06-12-2025
718,Rahul Patel,ML,20-11-2025
721,Amit Gupta,ML,12-09-2025
723,Neha Reddy,ML,19-10-2025
731,Amit Patel,ML,16-04-2025
744,Ravi Gupta,ML,18-03-2025
750,Kiran Iyer,ML,04-12-2025
752,Kiran Sharma,ML,01-03-2025
789,Pooja Iyer,ML,17-09-2025
799,Ravi Sharma,ML,11-12-2025
801,Sneha Gupta,ML,09-11-2025
806,Sneha Reddy,ML,11-02-2025
809,Pooja Gupta,ML,19-10-2025
829,Sneha Rao,ML,16-03-2025
856,Kiran Reddy,ML,14-04-2025
865,Neha Patel,ML,19-08-2025
869,Ravi Reddy,ML,04-03-2025
881,Rahul Reddy,ML,26-02-2025
887,Arjun Iyer,ML,03-05-2025
888,Arjun Iyer,ML,19-03-2025
903,Amit Singh,ML,08-07-2025
912,Priya Patel,ML,24-01-2025
917,Sneha Patel,ML,11-10-2025
926,Pooja Reddy,ML,30-09-2025
929,Rahul Gupta,ML,03-08-2025
945,Kiran Rao,ML,14-03-2025
953,Pooja Gupta,ML,14-03-2025
956,Ravi Reddy,ML,08-11-2025
965,Amit Gupta,ML,10-06-2025
980,Anjali Reddy,ML,17-01-2026
981,Priya Rao,ML,23-02-2025
998,Neha Verma,ML,24-01-2025
1000,Anjali Iyer,ML,18-12-2025
35,Pooja Reddy,Web Development,03-03-2025
45,Pooja Verma,Web Development,14-09-2025
59,Priya Reddy,Web Development,06-04-2025
60,Neha Gupta,Web Development,09-04-2025
61,Ravi Patel,Web Development,08-01-2026
82,Neha Sharma,Web Development,19-10-2025
83,Anjali Gupta,Web Development,30-08-2025
86,Neha Verma,Web Development,14-10-2025
112,Ravi Rao,Web Development,08-07-2025
118,Pooja Patel,Web Development,01-09-2025
140,Kiran Verma,Web Development,05-10-2025
142,Amit Iyer,Web Development,19-12-2025
143,Kiran Iyer,Web Development,14-01-2026
146,Rahul Patel,Web Development,28-05-2025
151,Rahul Gupta,Web Development,24-08-2025
158,Pooja Verma,Web Development,07-04-2025
171,Pooja Patel,Web Development,07-07-2025
172,Pooja Verma,Web Development,26-06-2025
174,Kiran Gupta,Web Development,15-01-2026
181,Ravi Rao,Web Development,18-05-2025
189,Priya Verma,Web Development,17-07-2025
199,Anjali Reddy,Web Development,30-10-2025
203,Rahul Sharma,Web Development,17-08-2025
206,Amit Rao,Web Development,15-07-2025
208,Anjali Reddy,Web Development,23-03-2025
216,Anjali Singh,Web Development,24-06-2025
231,Arjun Rao,Web Development,06-10-2025
254,Pooja Verma,Web Development,14-01-2026
271,Sneha Reddy,Web Development,08-01-2026
276,Rahul Rao,Web Development,19-07-2025
287,Rahul Sharma,Web Development,15-06-2025
331,Arjun Iyer,Web Development,02-02-2025
347,Priya Patel,Web Development,22-06-2025
360,Ravi Reddy,Web Development,28-10-2025
368,Arjun Singh,Web Development,20-01-2025
378,Ravi Singh,Web Development,15-07-2025
383,Pooja Verma,Web Development,11-03-2025
390,Pooja Sharma,Web Development,02-11-2025
399,Arjun Sharma,Web Development,15-01-2026
401,Priya Verma,Web Development,21-08-2025
408,Sneha Rao,Web Development,18-08-2025
412,Kiran Verma,Web Development,15-08-2025
434,Neha Singh,Web Development,09-10-2025
452,Sneha Patel,Web Development,03-09-2025
481,Sneha Rao,Web Development,15-08-2025
493,Kiran Patel,Web Development,23-04-2025
494,Pooja Rao,Web Development,30-04-2025
508,Kiran Singh,Web Development,16-04-2025
530,Amit Rao,Web Development,24-09-2025
536,Anjali Singh,Web Development,19-02-2025
551,Pooja Singh,Web Development,16-08-2025
557,Arjun Iyer,Web Development,24-11-2025
560,Neha Rao,Web Development,17-08-2025
574,Kiran Iyer,Web Development,08-10-2025
575,Priya Iyer,Web Development,31-12-2025
591,Pooja Sharma,Web Development,11-07-2025
607,Sneha Iyer,Web Development,16-12-2025
618,Arjun Rao,Web Development,10-02-2025
620,Priya Sharma,Web Development,24-11-2025
626,Neha Reddy,Web Development,14-04-2025
630,Amit Singh,Web Development,22-10-2025
639,Anjali Iyer,Web Development,25-12-2025
643,Priya Reddy,Web Development,03-09-2025
647,Kiran Gupta,Web Development,19-10-2025
650,Neha Gupta,Web Development,03-11-2025
651,Rahul Patel,Web Development,02-03-2025
655,Ravi Singh,Web Development,15-11-2025
678,Kiran Reddy,Web Development,03-07-2025
681,Anjali Rao,Web Development,27-08-2025
682,Neha Patel,Web Development,25-02-2025
688,Priya Rao,Web Development,28-12-2025
697,Pooja Iyer,Web Development,24-06-2025
699,Arjun Verma,Web Development,21-11-2025
703,Sneha Reddy,Web Development,13-07-2025
713,Sneha Verma,Web Development,23-09-2025
727,Priya Gupta,Web Development,08-07-2025
759,Rahul Iyer,Web Development,21-06-2025
772,Pooja Reddy,Web Development,22-10-2025
780,Priya Verma,Web Development,24-02-2025
786,Neha Iyer,Web Development,08-10-2025
807,Priya Iyer,Web Development,25-09-2025
820,Ravi Gupta,Web Development,16-08-2025
828,Pooja Rao,Web Development,18-03-2025
840,Priya Singh,Web Development,18-03-2025
843,Anjali Verma,Web Development,30-11-2025
854,Rahul Iyer,Web Development,01-03-2025
867,Kiran Sharma,Web Development,14-03-2025
870,Anjali Patel,Web Development,18-02-2025
905,Neha Patel,Web Development,28-12-2025
910,Kiran Rao,Web Development,04-09-2025
911,Rahul Verma,Web Development,20-11-2025
960,Sneha Patel,Web Development,21-06-2025
966,Sneha Singh,Web Development,15-02-2025
973,Neha Iyer,Web Development,10-10-2025
982,Kiran Patel,Web Development,20-10-2025
993,Priya Verma,Web Development,24-11-2025
49,Ravi Patel,Cloud Computing,13-05-2025
67,Kiran Patel,Cloud Computing,02-08-2025
71,Ravi Sharma,Cloud Computing,10-06-2025
109,Ravi Reddy,Cloud Computing,04-08-2025
114,Priya Sharma,Cloud Computing,13-02-2025
134,Anjali Sharma,Cloud Computing,31-08-2025
139,Amit Gupta,Cloud Computing,09-04-2025
182,Amit Verma,Cloud Computing,18-04-2025
188,Arjun Reddy,Cloud Computing,22-08-2025
192,Priya Iyer,Cloud Computing,04-02-2025
223,Kiran Rao,Cloud Computing,16-09-2025
224,Kiran Iyer,Cloud Computing,21-01-2025
230,Sneha Rao,Cloud Computing,15-02-2025
239,Amit Singh,Cloud Computing,28-07-2025
252,Amit Singh,Cloud Computing,05-03-2025
256,Neha Singh,Cloud Computing,05-07-2025
273,Ravi Verma,Cloud Computing,04-10-2025
295,Anjali Iyer,Cloud Computing,10-05-2025
299,Rahul Iyer,Cloud Computing,06-12-2025
306,Sneha Sharma,Cloud Computing,03-09-2025
342,Anjali Reddy,Cloud Computing,31-01-2025
349,Sneha Verma,Cloud Computing,15-02-2025
358,Ravi Rao,Cloud Computing,23-05-2025
372,Ravi Rao,Cloud Computing,05-10-2025
374,Kiran Singh,Cloud Computing,09-07-2025
377,Anjali Singh,Cloud Computing,15-03-2025
417,Kiran Sharma,Cloud Computing,09-07-2025
429,Sneha Patel,Cloud Computing,02-02-2025
464,Priya Gupta,Cloud Computing,02-09-2025
466,Anjali Reddy,Cloud Computing,20-10-2025
468,Ravi Iyer,Cloud Computing,15-10-2025
517,Anjali Verma,Cloud Computing,30-12-2025
525,Priya Sharma,Cloud Computing,31-01-2025
526,Ravi Patel,Cloud Computing,28-06-2025
546,Amit Gupta,Cloud Computing,13-03-2025
562,Rahul Reddy,Cloud Computing,08-04-2025
563,Rahul Iyer,Cloud Computing,25-01-2025
566,Anjali Verma,Cloud Computing,25-10-2025
582,Neha Singh,Cloud Computing,08-07-2025
596,Pooja Rao,Cloud Computing,16-12-2025
600,Anjali Rao,Cloud Computing,26-05-2025
603,Arjun Sharma,Cloud Computing,20-08-2025
612,Neha Gupta,Cloud Computing,30-03-2025
632,Ravi Iyer,Cloud Computing,19-10-2025
633,Neha Verma,Cloud Computing,15-12-2025
641,Pooja Gupta,Cloud Computing,13-07-2025
671,Ravi Verma,Cloud Computing,27-07-2025
679,Kiran Iyer,Cloud Computing,24-05-2025
684,Sneha Singh,Cloud Computing,17-08-2025
687,Rahul Iyer,Cloud Computing,15-11-2025
715,Amit Patel,Cloud Computing,24-11-2025
722,Arjun Reddy,Cloud Computing,26-09-2025
740,Anjali Patel,Cloud Computing,14-04-2025
746,Amit Verma,Cloud Computing,15-05-2025
779,Pooja Gupta,Cloud Computing,05-06-2025
788,Pooja Patel,Cloud Computing,13-07-2025
790,Ravi Singh,Cloud Computing,29-03-2025
800,Kiran Singh,Cloud Computing,14-03-2025
819,Kiran Singh,Cloud Computing,31-01-2025
827,Sneha Gupta,Cloud Computing,07-05-2025
833,Sneha Gupta,Cloud Computing,26-05-2025
839,Neha Patel,Cloud Computing,11-11-2025
844,Arjun Reddy,Cloud Computing,25-08-2025
855,Rahul Reddy,Cloud Computing,24-11-2025
857,Priya Gupta,Cloud Computing,01-08-2025
859,Amit Reddy,Cloud Computing,04-08-2025
860,Pooja Reddy,Cloud Computing,31-05-2025
861,Sneha Iyer,Cloud Computing,20-09-2025
878,Priya Patel,Cloud Computing,19-12-2025
886,Kiran Iyer,Cloud Computing,30-10-2025
909,Neha Sharma,Cloud Computing,19-09-2025
916,Priya Iyer,Cloud Computing,06-12-2025
937,Anjali Iyer,Cloud Computing,14-06-2025
943,Amit Iyer,Cloud Computing,11-09-2025
961,Amit Iyer,Cloud Computing,11-09-2025
970,Pooja Sharma,Cloud Computing,07-09-2025
977,Kiran Reddy,Cloud Computing,12-12-2025
992,Sneha Sharma,Cloud Computing,22-10-2025
995,Amit Singh,Cloud Computing,22-03-2025
10,Kiran Reddy,Cyber Security,24-03-2025
29,Pooja Verma,Cyber Security,01-02-2025
81,Neha Verma,Cyber Security,30-10-2025
113,Neha Patel,Cyber Security,26-07-2025
119,Rahul Rao,Cyber Security,29-09-2025
120,Priya Sharma,Cyber Security,01-05-2025
126,Amit Reddy,Cyber Security,26-03-2025
128,Anjali Gupta,Cyber Security,01-07-2025
154,Amit Rao,Cyber Security,25-02-2025
191,Priya Gupta,Cyber Security,26-04-2025
193,Priya Verma,Cyber Security,15-08-2025
201,Ravi Singh,Cyber Security,05-03-2025
204,Sneha Verma,Cyber Security,09-12-2025
207,Kiran Patel,Cyber Security,07-11-2025
222,Kiran Gupta,Cyber Security,21-02-2025
225,Sneha Singh,Cyber Security,22-02-2025
232,Amit Verma,Cyber Security,25-09-2025
240,Neha Singh,Cyber Security,31-01-2025
260,Ravi Patel,Cyber Security,09-04-2025
279,Ravi Gupta,Cyber Security,02-05-2025
289,Ravi Singh,Cyber Security,03-12-2025
296,Amit Rao,Cyber Security,17-09-2025
300,Priya Iyer,Cyber Security,18-01-2025
312,Rahul Reddy,Cyber Security,21-06-2025
313,Kiran Rao,Cyber Security,07-08-2025
316,Anjali Patel,Cyber Security,23-03-2025
335,Sneha Verma,Cyber Security,20-11-2025
354,Priya Patel,Cyber Security,17-02-2025
375,Neha Patel,Cyber Security,09-10-2025
387,Pooja Rao,Cyber Security,24-08-2025
395,Ravi Sharma,Cyber Security,06-10-2025
407,Arjun Rao,Cyber Security,16-07-2025
427,Priya Iyer,Cyber Security,14-01-2026
447,Amit Rao,Cyber Security,04-11-2025
455,Ravi Iyer,Cyber Security,23-11-2025
467,Arjun Singh,Cyber Security,07-01-2026
477,Priya Reddy,Cyber Security,22-04-2025
496,Ravi Gupta,Cyber Security,19-09-2025
499,Pooja Patel,Cyber Security,14-06-2025
501,Pooja Verma,Cyber Security,09-05-2025
533,Arjun Reddy,Cyber Security,01-04-2025
535,Kiran Singh,Cyber Security,22-03-2025
538,Ravi Gupta,Cyber Security,26-06-2025
540,Pooja Singh,Cyber Security,05-03-2025
549,Anjali Rao,Cyber Security,23-09-2025
555,Pooja Sharma,Cyber Security,14-04-2025
569,Amit Rao,Cyber Security,18-09-2025
579,Pooja Sharma,Cyber Security,05-03-2025
590,Rahul Gupta,Cyber Security,14-04-2025
602,Neha Singh,Cyber Security,15-07-2025
623,Ravi Reddy,Cyber Security,29-04-2025
627,Neha Iyer,Cyber Security,16-05-2025
637,Sneha Verma,Cyber Security,29-01-2025
646,Amit Gupta,Cyber Security,03-08-2025
652,Sneha Reddy,Cyber Security,21-05-2025
662,Kiran Verma,Cyber Security,26-12-2025
669,Kiran Sharma,Cyber Security,16-02-2025
689,Neha Sharma,Cyber Security,20-12-2025
691,Anjali Sharma,Cyber Security,06-06-2025
702,Kiran Sharma,Cyber Security,22-03-2025
707,Pooja Iyer,Cyber Security,16-06-2025
709,Amit Sharma,Cyber Security,31-12-2025
714,Priya Patel,Cyber Security,10-03-2025
716,Anjali Singh,Cyber Security,04-02-2025
719,Anjali Singh,Cyber Security,23-11-2025
734,Ravi Sharma,Cyber Security,01-01-2026
737,Ravi Patel,Cyber Security,15-05-2025
760,Sneha Singh,Cyber Security,02-01-2026
777,Arjun Singh,Cyber Security,22-12-2025
822,Amit Gupta,Cyber Security,28-07-2025
825,Pooja Verma,Cyber Security,16-05-2025
849,Arjun Iyer,Cyber Security,12-11-2025
850,Rahul Gupta,Cyber Security,07-09-2025
851,Pooja Gupta,Cyber Security,26-04-2025
928,Priya Verma,Cyber Security,09-08-2025
938,Sneha Gupta,Cyber Security,08-01-2026
947,Ravi Rao,Cyber Security,08-05-2025
950,Amit Rao,Cyber Security,25-08-2025
952,Rahul Rao,Cyber Security,31-10-2025
955,Arjun Reddy,Cyber Security,03-04-2025
962,Rahul Reddy,Cyber Security,18-06-2025
963,Ravi Patel,Cyber Security,08-04-2025
964,Neha Singh,Cyber Security,02-07-2025
968,Arjun Patel,Cyber Security,21-01-2025
975,Amit Gupta,Cyber Security,20-05-2025
985,Kiran Rao,Cyber Security,08-09-2025
